{
  "Total" : {
    "transaction" : "Total",
    "sampleCount" : 1497,
    "errorCount" : 4,
    "errorPct" : 0.26720107,
    "meanResTime" : 4341.974615898467,
    "medianResTime" : 3234.0,
    "minResTime" : 205.0,
    "maxResTime" : 48656.0,
    "pct1ResTime" : 8606.2,
    "pct2ResTime" : 12353.999999999995,
    "pct3ResTime" : 16212.659999999996,
    "throughput" : 0.9077442041108624,
    "receivedKBytesPerSec" : 30.859856547461316,
    "sentKBytesPerSec" : 0.10697613567319511
  },
  "HTTP Request" : {
    "transaction" : "HTTP Request",
    "sampleCount" : 1497,
    "errorCount" : 4,
    "errorPct" : 0.26720107,
    "meanResTime" : 4341.974615898467,
    "medianResTime" : 3234.0,
    "minResTime" : 205.0,
    "maxResTime" : 48656.0,
    "pct1ResTime" : 8606.2,
    "pct2ResTime" : 12353.999999999995,
    "pct3ResTime" : 16212.659999999996,
    "throughput" : 0.9077442041108624,
    "receivedKBytesPerSec" : 30.859856547461316,
    "sentKBytesPerSec" : 0.10697613567319511
  }
}