{
  "HTTP Request-1" : {
    "transaction" : "HTTP Request-1",
    "sampleCount" : 922,
    "errorCount" : 54,
    "errorPct" : 5.856833,
    "meanResTime" : 2039.1203904555312,
    "medianResTime" : 1486.5,
    "minResTime" : 3.0,
    "maxResTime" : 16024.0,
    "pct1ResTime" : 3997.8000000000006,
    "pct2ResTime" : 5016.899999999997,
    "pct3ResTime" : 9152.509999999998,
    "throughput" : 3.130474935828659,
    "receivedKBytesPerSec" : 100.60469790874428,
    "sentKBytesPerSec" : 0.387831164650419
  },
  "Total" : {
    "transaction" : "Total",
    "sampleCount" : 2840,
    "errorCount" : 182,
    "errorPct" : 6.4084506,
    "meanResTime" : 3568.342605633806,
    "medianResTime" : 2672.0,
    "minResTime" : 3.0,
    "maxResTime" : 26366.0,
    "pct1ResTime" : 7613.5,
    "pct2ResTime" : 9269.199999999997,
    "pct3ResTime" : 15196.810000000009,
    "throughput" : 9.50115586244735,
    "receivedKBytesPerSec" : 209.89222126318535,
    "sentKBytesPerSec" : 1.5834432113572268
  },
  "HTTP Request-0" : {
    "transaction" : "HTTP Request-0",
    "sampleCount" : 922,
    "errorCount" : 0,
    "errorPct" : 0.0,
    "meanResTime" : 3286.600867678961,
    "medianResTime" : 2525.5,
    "minResTime" : 448.0,
    "maxResTime" : 25528.0,
    "pct1ResTime" : 6876.4,
    "pct2ResTime" : 8516.149999999996,
    "pct3ResTime" : 13747.639999999998,
    "throughput" : 3.135435866393705,
    "receivedKBytesPerSec" : 5.7980164627386435,
    "sentKBytesPerSec" : 0.4011153305640384
  },
  "HTTP Request" : {
    "transaction" : "HTTP Request",
    "sampleCount" : 996,
    "errorCount" : 128,
    "errorPct" : 12.851406,
    "meanResTime" : 5244.757028112452,
    "medianResTime" : 4364.0,
    "minResTime" : 400.0,
    "maxResTime" : 26366.0,
    "pct1ResTime" : 9320.000000000002,
    "pct2ResTime" : 12014.099999999995,
    "pct3ResTime" : 18285.599999999995,
    "throughput" : 3.3320955066892823,
    "receivedKBytesPerSec" : 105.0601770363921,
    "sentKBytesPerSec" : 0.8067011114930531
  }
}